,K,,,,,,,,,,,,,,,,,,,,,,,,,,,,,,,,,,,
,118.233618,16.025641,-48.076923,20.655271,8.012821,9.615385,-56.980057,1.602564,48.076923,-75.498576,3.205128,-9.615385,54.843305,-3.205128,-24.038462,8.190883,-1.602564,4.807692,-29.558405,-8.012821,24.038462,-39.88604,-16.025641,-4.807692,0,0,0,0,0,0,0,0,0,0,0,0
,16.025641,61.253561,-16.025641,8.012821,-7.834758,3.205128,-1.602564,-23.148148,1.602564,-3.205128,-7.834758,-8.012821,3.205128,15.669516,-3.205128,1.602564,-11.396011,16.025641,-8.012821,-15.31339,8.012821,-16.025641,-11.396011,-1.602564,0,0,0,0,0,0,0,0,0,0,0,0
,-48.076923,-16.025641,118.233618,-9.615385,-3.205128,-75.498576,48.076923,-1.602564,-56.980057,9.615385,-8.012821,20.655271,-24.038462,3.205128,54.843305,-4.807692,16.025641,-39.88604,24.038462,8.012821,-29.558405,4.807692,1.602564,8.190883,0,0,0,0,0,0,0,0,0,0,0,0
,20.655271,8.012821,-9.615385,118.233618,16.025641,48.076923,-75.498576,3.205128,9.615385,-56.980057,1.602564,-48.076923,8.190883,-1.602564,-4.807692,54.843305,-3.205128,24.038462,-39.88604,-16.025641,4.807692,-29.558405,-8.012821,-24.038462,0,0,0,0,0,0,0,0,0,0,0,0
,8.012821,-7.834758,-3.205128,16.025641,61.253561,16.025641,-3.205128,-7.834758,8.012821,-1.602564,-23.148148,-1.602564,1.602564,-11.396011,-16.025641,3.205128,15.669516,3.205128,-16.025641,-11.396011,1.602564,-8.012821,-15.31339,-8.012821,0,0,0,0,0,0,0,0,0,0,0,0
,9.615385,3.205128,-75.498576,48.076923,16.025641,118.233618,-9.615385,8.012821,20.655271,-48.076923,1.602564,-56.980057,4.807692,-16.025641,-39.88604,24.038462,-3.205128,54.843305,-4.807692,-1.602564,8.190883,-24.038462,-8.012821,-29.558405,0,0,0,0,0,0,0,0,0,0,0,0
,-56.980057,-1.602564,48.076923,-75.498576,-3.205128,-9.615385,118.233618,-16.025641,-48.076923,20.655271,-8.012821,9.615385,-29.558405,8.012821,24.038462,-39.88604,16.025641,-4.807692,54.843305,3.205128,-24.038462,8.190883,1.602564,4.807692,0,0,0,0,0,0,0,0,0,0,0,0
,1.602564,-23.148148,-1.602564,3.205128,-7.834758,8.012821,-16.025641,61.253561,16.025641,-8.012821,-7.834758,-3.205128,8.012821,-15.31339,-8.012821,16.025641,-11.396011,1.602564,-3.205128,15.669516,3.205128,-1.602564,-11.396011,-16.025641,0,0,0,0,0,0,0,0,0,0,0,0
,48.076923,1.602564,-56.980057,9.615385,8.012821,20.655271,-48.076923,16.025641,118.233618,-9.615385,3.205128,-75.498576,24.038462,-8.012821,-29.558405,4.807692,-1.602564,8.190883,-24.038462,-3.205128,54.843305,-4.807692,-16.025641,-39.88604,0,0,0,0,0,0,0,0,0,0,0,0
,-75.498576,-3.205128,9.615385,-56.980057,-1.602564,-48.076923,20.655271,-8.012821,-9.615385,118.233618,-16.025641,48.076923,-39.88604,16.025641,4.807692,-29.558405,8.012821,-24.038462,8.190883,1.602564,-4.807692,54.843305,3.205128,24.038462,0,0,0,0,0,0,0,0,0,0,0,0
,3.205128,-7.834758,-8.012821,1.602564,-23.148148,1.602564,-8.012821,-7.834758,3.205128,-16.025641,61.253561,-16.025641,16.025641,-11.396011,-1.602564,8.012821,-15.31339,8.012821,-1.602564,-11.396011,16.025641,-3.205128,15.669516,-3.205128,0,0,0,0,0,0,0,0,0,0,0,0
,-9.615385,-8.012821,20.655271,-48.076923,-1.602564,-56.980057,9.615385,-3.205128,-75.498576,48.076923,-16.025641,118.233618,-4.807692,1.602564,8.190883,-24.038462,8.012821,-29.558405,4.807692,16.025641,-39.88604,24.038462,3.205128,54.843305,0,0,0,0,0,0,0,0,0,0,0,0
,54.843305,3.205128,-24.038462,8.190883,1.602564,4.807692,-29.558405,8.012821,24.038462,-39.88604,16.025641,-4.807692,236.467236,0,-96.153846,41.310542,0,19.23077,-113.960114,0,96.153846,-150.997152,0,-19.23077,54.843305,-3.205128,-24.038462,8.190883,-1.602564,4.807692,-29.558405,-8.012821,24.038462,-39.88604,-16.025641,-4.807692
,-3.205128,15.669516,3.205128,-1.602564,-11.396011,-16.025641,8.012821,-15.31339,-8.012821,16.025641,-11.396011,1.602564,0,122.507122,0,0,-15.669516,0,0,-46.296296,0,0,-15.669516,0,3.205128,15.669516,-3.205128,1.602564,-11.396011,16.025641,-8.012821,-15.31339,8.012821,-16.025641,-11.396011,-1.602564
,-24.038462,-3.205128,54.843305,-4.807692,-16.025641,-39.88604,24.038462,-8.012821,-29.558405,4.807692,-1.602564,8.190883,-96.153846,0,236.467236,-19.23077,0,-150.997152,96.153846,0,-113.960114,19.23077,0,41.310542,-24.038462,3.205128,54.843305,-4.807692,16.025641,-39.88604,24.038462,8.012821,-29.558405,4.807692,1.602564,8.190883
,8.190883,1.602564,-4.807692,54.843305,3.205128,24.038462,-39.88604,16.025641,4.807692,-29.558405,8.012821,-24.038462,41.310542,0,-19.23077,236.467236,0,96.153846,-150.997152,0,19.23077,-113.960114,0,-96.153846,8.190883,-1.602564,-4.807692,54.843305,-3.205128,24.038462,-39.88604,-16.025641,4.807692,-29.558405,-8.012821,-24.038462
,-1.602564,-11.396011,16.025641,-3.205128,15.669516,-3.205128,16.025641,-11.396011,-1.602564,8.012821,-15.31339,8.012821,0,-15.669516,0,0,122.507122,0,0,-15.669516,0,0,-46.296296,0,1.602564,-11.396011,-16.025641,3.205128,15.669516,3.205128,-16.025641,-11.396011,1.602564,-8.012821,-15.31339,-8.012821
,4.807692,16.025641,-39.88604,24.038462,3.205128,54.843305,-4.807692,1.602564,8.190883,-24.038462,8.012821,-29.558405,19.23077,0,-150.997152,96.153846,0,236.467236,-19.23077,0,41.310542,-96.153846,0,-113.960114,4.807692,-16.025641,-39.88604,24.038462,-3.205128,54.843305,-4.807692,-1.602564,8.190883,-24.038462,-8.012821,-29.558405
,-29.558405,-8.012821,24.038462,-39.88604,-16.025641,-4.807692,54.843305,-3.205128,-24.038462,8.190883,-1.602564,4.807692,-113.960114,0,96.153846,-150.997152,0,-19.23077,236.467236,0,-96.153846,41.310542,0,19.23077,-29.558405,8.012821,24.038462,-39.88604,16.025641,-4.807692,54.843305,3.205128,-24.038462,8.190883,1.602564,4.807692
,-8.012821,-15.31339,8.012821,-16.025641,-11.396011,-1.602564,3.205128,15.669516,-3.205128,1.602564,-11.396011,16.025641,0,-46.296296,0,0,-15.669516,0,0,122.507122,0,0,-15.669516,0,8.012821,-15.31339,-8.012821,16.025641,-11.396011,1.602564,-3.205128,15.669516,3.205128,-1.602564,-11.396011,-16.025641
,24.038462,8.012821,-29.558405,4.807692,1.602564,8.190883,-24.038462,3.205128,54.843305,-4.807692,16.025641,-39.88604,96.153846,0,-113.960114,19.23077,0,41.310542,-96.153846,0,236.467236,-19.23077,0,-150.997152,24.038462,-8.012821,-29.558405,4.807692,-1.602564,8.190883,-24.038462,-3.205128,54.843305,-4.807692,-16.025641,-39.88604
,-39.88604,-16.025641,4.807692,-29.558405,-8.012821,-24.038462,8.190883,-1.602564,-4.807692,54.843305,-3.205128,24.038462,-150.997152,0,19.23077,-113.960114,0,-96.153846,41.310542,0,-19.23077,236.467236,0,96.153846,-39.88604,16.025641,4.807692,-29.558405,8.012821,-24.038462,8.190883,1.602564,-4.807692,54.843305,3.205128,24.038462
,-16.025641,-11.396011,1.602564,-8.012821,-15.31339,-8.012821,1.602564,-11.396011,-16.025641,3.205128,15.669516,3.205128,0,-15.669516,0,0,-46.296296,0,0,-15.669516,0,0,122.507122,0,16.025641,-11.396011,-1.602564,8.012821,-15.31339,8.012821,-1.602564,-11.396011,16.025641,-3.205128,15.669516,-3.205128
,-4.807692,-1.602564,8.190883,-24.038462,-8.012821,-29.558405,4.807692,-16.025641,-39.88604,24.038462,-3.205128,54.843305,-19.23077,0,41.310542,-96.153846,0,-113.960114,19.23077,0,-150.997152,96.153846,0,236.467236,-4.807692,1.602564,8.190883,-24.038462,8.012821,-29.558405,4.807692,16.025641,-39.88604,24.038462,3.205128,54.843305
,0,0,0,0,0,0,0,0,0,0,0,0,54.843305,3.205128,-24.038462,8.190883,1.602564,4.807692,-29.558405,8.012821,24.038462,-39.88604,16.025641,-4.807692,118.233618,-16.025641,-48.076923,20.655271,-8.012821,9.615385,-56.980057,-1.602564,48.076923,-75.498576,-3.205128,-9.615385
,0,0,0,0,0,0,0,0,0,0,0,0,-3.205128,15.669516,3.205128,-1.602564,-11.396011,-16.025641,8.012821,-15.31339,-8.012821,16.025641,-11.396011,1.602564,-16.025641,61.253561,16.025641,-8.012821,-7.834758,-3.205128,1.602564,-23.148148,-1.602564,3.205128,-7.834758,8.012821
,0,0,0,0,0,0,0,0,0,0,0,0,-24.038462,-3.205128,54.843305,-4.807692,-16.025641,-39.88604,24.038462,-8.012821,-29.558405,4.807692,-1.602564,8.190883,-48.076923,16.025641,118.233618,-9.615385,3.205128,-75.498576,48.076923,1.602564,-56.980057,9.615385,8.012821,20.655271
,0,0,0,0,0,0,0,0,0,0,0,0,8.190883,1.602564,-4.807692,54.843305,3.205128,24.038462,-39.88604,16.025641,4.807692,-29.558405,8.012821,-24.038462,20.655271,-8.012821,-9.615385,118.233618,-16.025641,48.076923,-75.498576,-3.205128,9.615385,-56.980057,-1.602564,-48.076923
,0,0,0,0,0,0,0,0,0,0,0,0,-1.602564,-11.396011,16.025641,-3.205128,15.669516,-3.205128,16.025641,-11.396011,-1.602564,8.012821,-15.31339,8.012821,-8.012821,-7.834758,3.205128,-16.025641,61.253561,-16.025641,3.205128,-7.834758,-8.012821,1.602564,-23.148148,1.602564
,0,0,0,0,0,0,0,0,0,0,0,0,4.807692,16.025641,-39.88604,24.038462,3.205128,54.843305,-4.807692,1.602564,8.190883,-24.038462,8.012821,-29.558405,9.615385,-3.205128,-75.498576,48.076923,-16.025641,118.233618,-9.615385,-8.012821,20.655271,-48.076923,-1.602564,-56.980057
,0,0,0,0,0,0,0,0,0,0,0,0,-29.558405,-8.012821,24.038462,-39.88604,-16.025641,-4.807692,54.843305,-3.205128,-24.038462,8.190883,-1.602564,4.807692,-56.980057,1.602564,48.076923,-75.498576,3.205128,-9.615385,118.233618,16.025641,-48.076923,20.655271,8.012821,9.615385
,0,0,0,0,0,0,0,0,0,0,0,0,-8.012821,-15.31339,8.012821,-16.025641,-11.396011,-1.602564,3.205128,15.669516,-3.205128,1.602564,-11.396011,16.025641,-1.602564,-23.148148,1.602564,-3.205128,-7.834758,-8.012821,16.025641,61.253561,-16.025641,8.012821,-7.834758,3.205128
,0,0,0,0,0,0,0,0,0,0,0,0,24.038462,8.012821,-29.558405,4.807692,1.602564,8.190883,-24.038462,3.205128,54.843305,-4.807692,16.025641,-39.88604,48.076923,-1.602564,-56.980057,9.615385,-8.012821,20.655271,-48.076923,-16.025641,118.233618,-9.615385,-3.205128,-75.498576
,0,0,0,0,0,0,0,0,0,0,0,0,-39.88604,-16.025641,4.807692,-29.558405,-8.012821,-24.038462,8.190883,-1.602564,-4.807692,54.843305,-3.205128,24.038462,-75.498576,3.205128,9.615385,-56.980057,1.602564,-48.076923,20.655271,8.012821,-9.615385,118.233618,16.025641,48.076923
,0,0,0,0,0,0,0,0,0,0,0,0,-16.025641,-11.396011,1.602564,-8.012821,-15.31339,-8.012821,1.602564,-11.396011,-16.025641,3.205128,15.669516,3.205128,-3.205128,-7.834758,8.012821,-1.602564,-23.148148,-1.602564,8.012821,-7.834758,-3.205128,16.025641,61.253561,16.025641
,0,0,0,0,0,0,0,0,0,0,0,0,-4.807692,-1.602564,8.190883,-24.038462,-8.012821,-29.558405,4.807692,-16.025641,-39.88604,24.038462,-3.205128,54.843305,-9.615385,8.012821,20.655271,-48.076923,1.602564,-56.980057,9.615385,3.205128,-75.498576,48.076923,16.025641,118.233618
,M,,,,,,,,,,,,,,,,,,,,,,,,,,,,,,,,,,,
,0.111111,0,0,0.055556,0,0,0.027778,0,0,0.055556,0,0,0.055556,0,0,0.027778,0,0,0.013889,0,0,0.027778,0,0,0,0,0,0,0,0,0,0,0,0,0,0
,0,0.111111,0,0,0.055556,0,0,0.027778,0,0,0.055556,0,0,0.055556,0,0,0.027778,0,0,0.013889,0,0,0.027778,0,0,0,0,0,0,0,0,0,0,0,0,0
,0,0,0.111111,0,0,0.055556,0,0,0.027778,0,0,0.055556,0,0,0.055556,0,0,0.027778,0,0,0.013889,0,0,0.027778,0,0,0,0,0,0,0,0,0,0,0,0
,0.055556,0,0,0.111111,0,0,0.055556,0,0,0.027778,0,0,0.027778,0,0,0.055556,0,0,0.027778,0,0,0.013889,0,0,0,0,0,0,0,0,0,0,0,0,0,0
,0,0.055556,0,0,0.111111,0,0,0.055556,0,0,0.027778,0,0,0.027778,0,0,0.055556,0,0,0.027778,0,0,0.013889,0,0,0,0,0,0,0,0,0,0,0,0,0
,0,0,0.055556,0,0,0.111111,0,0,0.055556,0,0,0.027778,0,0,0.027778,0,0,0.055556,0,0,0.027778,0,0,0.013889,0,0,0,0,0,0,0,0,0,0,0,0
,0.027778,0,0,0.055556,0,0,0.111111,0,0,0.055556,0,0,0.013889,0,0,0.027778,0,0,0.055556,0,0,0.027778,0,0,0,0,0,0,0,0,0,0,0,0,0,0
,0,0.027778,0,0,0.055556,0,0,0.111111,0,0,0.055556,0,0,0.013889,0,0,0.027778,0,0,0.055556,0,0,0.027778,0,0,0,0,0,0,0,0,0,0,0,0,0
,0,0,0.027778,0,0,0.055556,0,0,0.111111,0,0,0.055556,0,0,0.013889,0,0,0.027778,0,0,0.055556,0,0,0.027778,0,0,0,0,0,0,0,0,0,0,0,0
,0.055556,0,0,0.027778,0,0,0.055556,0,0,0.111111,0,0,0.027778,0,0,0.013889,0,0,0.027778,0,0,0.055556,0,0,0,0,0,0,0,0,0,0,0,0,0,0
,0,0.055556,0,0,0.027778,0,0,0.055556,0,0,0.111111,0,0,0.027778,0,0,0.013889,0,0,0.027778,0,0,0.055556,0,0,0,0,0,0,0,0,0,0,0,0,0
,0,0,0.055556,0,0,0.027778,0,0,0.055556,0,0,0.111111,0,0,0.027778,0,0,0.013889,0,0,0.027778,0,0,0.055556,0,0,0,0,0,0,0,0,0,0,0,0
,0.055556,0,0,0.027778,0,0,0.013889,0,0,0.027778,0,0,0.222222,0,0,0.111112,0,0,0.055556,0,0,0.111112,0,0,0.055556,0,0,0.027778,0,0,0.013889,0,0,0.027778,0,0
,0,0.055556,0,0,0.027778,0,0,0.013889,0,0,0.027778,0,0,0.222222,0,0,0.111112,0,0,0.055556,0,0,0.111112,0,0,0.055556,0,0,0.027778,0,0,0.013889,0,0,0.027778,0
,0,0,0.055556,0,0,0.027778,0,0,0.013889,0,0,0.027778,0,0,0.222222,0,0,0.111112,0,0,0.055556,0,0,0.111112,0,0,0.055556,0,0,0.027778,0,0,0.013889,0,0,0.027778
,0.027778,0,0,0.055556,0,0,0.027778,0,0,0.013889,0,0,0.111112,0,0,0.222222,0,0,0.111112,0,0,0.055556,0,0,0.027778,0,0,0.055556,0,0,0.027778,0,0,0.013889,0,0
,0,0.027778,0,0,0.055556,0,0,0.027778,0,0,0.013889,0,0,0.111112,0,0,0.222222,0,0,0.111112,0,0,0.055556,0,0,0.027778,0,0,0.055556,0,0,0.027778,0,0,0.013889,0
,0,0,0.027778,0,0,0.055556,0,0,0.027778,0,0,0.013889,0,0,0.111112,0,0,0.222222,0,0,0.111112,0,0,0.055556,0,0,0.027778,0,0,0.055556,0,0,0.027778,0,0,0.013889
,0.013889,0,0,0.027778,0,0,0.055556,0,0,0.027778,0,0,0.055556,0,0,0.111112,0,0,0.222222,0,0,0.111112,0,0,0.013889,0,0,0.027778,0,0,0.055556,0,0,0.027778,0,0
,0,0.013889,0,0,0.027778,0,0,0.055556,0,0,0.027778,0,0,0.055556,0,0,0.111112,0,0,0.222222,0,0,0.111112,0,0,0.013889,0,0,0.027778,0,0,0.055556,0,0,0.027778,0
,0,0,0.013889,0,0,0.027778,0,0,0.055556,0,0,0.027778,0,0,0.055556,0,0,0.111112,0,0,0.222222,0,0,0.111112,0,0,0.013889,0,0,0.027778,0,0,0.055556,0,0,0.027778
,0.027778,0,0,0.013889,0,0,0.027778,0,0,0.055556,0,0,0.111112,0,0,0.055556,0,0,0.111112,0,0,0.222222,0,0,0.027778,0,0,0.013889,0,0,0.027778,0,0,0.055556,0,0
,0,0.027778,0,0,0.013889,0,0,0.027778,0,0,0.055556,0,0,0.111112,0,0,0.055556,0,0,0.111112,0,0,0.222222,0,0,0.027778,0,0,0.013889,0,0,0.027778,0,0,0.055556,0
,0,0,0.027778,0,0,0.013889,0,0,0.027778,0,0,0.055556,0,0,0.111112,0,0,0.055556,0,0,0.111112,0,0,0.222222,0,0,0.027778,0,0,0.013889,0,0,0.027778,0,0,0.055556
,0,0,0,0,0,0,0,0,0,0,0,0,0.055556,0,0,0.027778,0,0,0.013889,0,0,0.027778,0,0,0.111111,0,0,0.055556,0,0,0.027778,0,0,0.055556,0,0
,0,0,0,0,0,0,0,0,0,0,0,0,0,0.055556,0,0,0.027778,0,0,0.013889,0,0,0.027778,0,0,0.111111,0,0,0.055556,0,0,0.027778,0,0,0.055556,0
,0,0,0,0,0,0,0,0,0,0,0,0,0,0,0.055556,0,0,0.027778,0,0,0.013889,0,0,0.027778,0,0,0.111111,0,0,0.055556,0,0,0.027778,0,0,0.055556
,0,0,0,0,0,0,0,0,0,0,0,0,0.027778,0,0,0.055556,0,0,0.027778,0,0,0.013889,0,0,0.055556,0,0,0.111111,0,0,0.055556,0,0,0.027778,0,0
,0,0,0,0,0,0,0,0,0,0,0,0,0,0.027778,0,0,0.055556,0,0,0.027778,0,0,0.013889,0,0,0.055556,0,0,0.111111,0,0,0.055556,0,0,0.027778,0
,0,0,0,0,0,0,0,0,0,0,0,0,0,0,0.027778,0,0,0.055556,0,0,0.027778,0,0,0.013889,0,0,0.055556,0,0,0.111111,0,0,0.055556,0,0,0.027778
,0,0,0,0,0,0,0,0,0,0,0,0,0.013889,0,0,0.027778,0,0,0.055556,0,0,0.027778,0,0,0.027778,0,0,0.055556,0,0,0.111111,0,0,0.055556,0,0
,0,0,0,0,0,0,0,0,0,0,0,0,0,0.013889,0,0,0.027778,0,0,0.055556,0,0,0.027778,0,0,0.027778,0,0,0.055556,0,0,0.111111,0,0,0.055556,0
,0,0,0,0,0,0,0,0,0,0,0,0,0,0,0.013889,0,0,0.027778,0,0,0.055556,0,0,0.027778,0,0,0.027778,0,0,0.055556,0,0,0.111111,0,0,0.055556
,0,0,0,0,0,0,0,0,0,0,0,0,0.027778,0,0,0.013889,0,0,0.027778,0,0,0.055556,0,0,0.055556,0,0,0.027778,0,0,0.055556,0,0,0.111111,0,0
,0,0,0,0,0,0,0,0,0,0,0,0,0,0.027778,0,0,0.013889,0,0,0.027778,0,0,0.055556,0,0,0.055556,0,0,0.027778,0,0,0.055556,0,0,0.111111,0
,0,0,0,0,0,0,0,0,0,0,0,0,0,0,0.027778,0,0,0.013889,0,0,0.027778,0,0,0.055556,0,0,0.055556,0,0,0.027778,0,0,0.055556,0,0,0.111111
,pos,vel,acc,,,KU,KU/M,,,,,,,,,,,,,,,,,,,,,,,,,,,,,
1,10,0,-128.2045938,125000.6,,32.051275,128.2045938,,,-128.2045938,1,1,1,-128.2045938,-769.2308,1.13687E-13,,,,,,,,,,,,,,,,,,,,
2,0,0,-769.2308,0,,96.15385,769.2308,,,-128.2045938,4,1,2,-128.2045938,-769.2308,-2.27376E-13,,,,,,,,,,,,,,,,,,,,
3,0,0,1.13687E-13,0,,-1.42109E-14,-1.13687E-13,,,-128.2045938,7,1,3,-128.2045938,769.2308,-1.13687E-13,,,,,,,,,,,,,,,,,,,,
4,10,0,-128.2045938,125000.6,,32.051275,128.2045938,,,-128.2045938,10,1,4,-128.2045938,769.2308,2.27376E-13,,,,,,,,,,,,,,,,,,,,
5,0,0,-769.2308,0,,96.15385,769.2308,,,1.33333E-05,13,1,5,1.33333E-05,-769.2308,1.13687E-13,,,,,,,,,,,,,,,,,,,,
6,0,0,-2.27376E-13,0,,1.42109E-14,2.27376E-13,,,1.33333E-05,16,1,6,1.33333E-05,-769.2308,1.1369E-13,,,,,,,,,,,,,,,,,,,,
7,10,0,-128.2045938,125000.6,,32.051275,128.2045938,,,1.33333E-05,19,1,7,1.33333E-05,769.2308,-1.13687E-13,,,,,,,,,,,,,,,,,,,,
8,0,0,769.2308,0,,-96.15385,-769.2308,,,1.33333E-05,22,1,8,1.33333E-05,769.2308,-1.1369E-13,,,,,,,,,,,,,,,,,,,,
9,0,0,-1.13687E-13,0,,1.42109E-14,1.13687E-13,,,128.2046205,25,1,9,128.2046205,-769.2308,1.13687E-13,,,,,,,,,,,,,,,,,,,,
10,10,0,-128.2045938,125000.6,,32.051275,128.2045938,,,128.2046205,28,1,10,128.2046205,-769.2308,-2.27376E-13,,,,,,,,,,,,,,,,,,,,
11,0,0,769.2308,0,,-96.15385,-769.2308,,,128.2046205,31,1,11,128.2046205,769.2308,-1.13687E-13,,,,,,,,,,,,,,,,,,,,
12,0,0,2.27376E-13,0,,-1.42109E-14,-2.27376E-13,,,128.2046205,34,1,12,128.2046205,769.2308,2.27376E-13,,,,,,,,,,,,,,,,,,,,
13,5,0,1.33333E-05,150000.8,,-1E-05,-1.33333E-05,,,-769.2308,2,2,,,,,,,,,,,,,,,,,,,,,,,,
14,0,0,-769.2308,0,,192.3077,769.2308,,,-769.2308,5,2,,,,,,,,,,,,,,,,,,,,,,,,
15,0,0,1.13687E-13,0,,-2.84217E-14,-1.13687E-13,,,769.2308,8,2,,,,,,,,,,,,,,,,,,,,,,,,
16,5,0,1.33333E-05,150000.8,,-1E-05,-1.33333E-05,,,769.2308,11,2,,,,,,,,,,,,,,,,,,,,,,,,
17,0,0,-769.2308,0,,192.3077,769.2308,,,-769.2308,14,2,,,,,,,,,,,,,,,,,,,,,,,,
18,0,0,1.1369E-13,0,,0,-1.1369E-13,,,-769.2308,17,2,,,,,,,,,,,,,,,,,,,,,,,,
19,5,0,1.33333E-05,150000.8,,-1E-05,-1.33333E-05,,,769.2308,20,2,,,,,,,,,,,,,,,,,,,,,,,,
20,0,0,769.2308,0,,-192.3077,-769.2308,,,769.2308,23,2,,,,,,,,,,,,,,,,,,,,,,,,
21,0,0,-1.13687E-13,0,,2.84217E-14,1.13687E-13,,,-769.2308,26,2,,,,,,,,,,,,,,,,,,,,,,,,
22,5,0,1.33333E-05,150000.8,,-1E-05,-1.33333E-05,,,-769.2308,29,2,,,,,,,,,,,,,,,,,,,,,,,,
23,0,0,769.2308,0,,-192.3077,-769.2308,,,769.2308,32,2,,,,,,,,,,,,,,,,,,,,,,,,
24,0,0,-1.1369E-13,0,,0,1.1369E-13,,,769.2308,35,2,,,,,,,,,,,,,,,,,,,,,,,,
25,0,0,128.2046205,25000.2,,-32.051285,-128.2046205,,,1.13687E-13,3,3,,,,,,,,,,,,,,,,,,,,,,,,
26,0,0,-769.2308,0,,96.15385,769.2308,,,-2.27376E-13,6,3,,,,,,,,,,,,,,,,,,,,,,,,
27,0,0,1.13687E-13,0,,-1.42109E-14,-1.13687E-13,,,-1.13687E-13,9,3,,,,,,,,,,,,,,,,,,,,,,,,
28,0,0,128.2046205,25000.2,,-32.051285,-128.2046205,,,2.27376E-13,12,3,,,,,,,,,,,,,,,,,,,,,,,,
29,0,0,-769.2308,0,,96.15385,769.2308,,,1.13687E-13,15,3,,,,,,,,,,,,,,,,,,,,,,,,
30,0,0,-2.27376E-13,0,,1.42109E-14,2.27376E-13,,,1.1369E-13,18,3,,,,,,,,,,,,,,,,,,,,,,,,
31,0,0,128.2046205,25000.2,,-32.051285,-128.2046205,,,-1.13687E-13,21,3,,,,,,,,,,,,,,,,,,,,,,,,
32,0,0,769.2308,0,,-96.15385,-769.2308,,,-1.1369E-13,24,3,,,,,,,,,,,,,,,,,,,,,,,,
33,0,0,-1.13687E-13,0,,1.42109E-14,1.13687E-13,,,1.13687E-13,27,3,,,,,,,,,,,,,,,,,,,,,,,,
34,0,0,128.2046205,25000.2,,-32.051285,-128.2046205,,,-2.27376E-13,30,3,,,,,,,,,,,,,,,,,,,,,,,,
35,0,0,769.2308,0,,-96.15385,-769.2308,,,-1.13687E-13,33,3,,,,,,,,,,,,,,,,,,,,,,,,
36,0,0,2.27376E-13,0,,-1.42109E-14,-2.27376E-13,,,2.27376E-13,36,3,,,,,,,,,,,,,,,,,,,,,,,,
,,,,,,,,,,,,,,,,,,,,,,,,,,,,,,,,,,,,
,4444.44,0,0,2222.24,0,0,1111.12,0,0,2222.24,0,0,2222.24,0,0,1111.12,0,0,555.56,0,0,1111.12,0,0,0,0,0,0,0,0,0,0,0,0,0,0
,0,4444.44,0,0,2222.24,0,0,1111.12,0,0,2222.24,0,0,2222.24,0,0,1111.12,0,0,555.56,0,0,1111.12,0,0,0,0,0,0,0,0,0,0,0,0,0
,0,0,4444.44,0,0,2222.24,0,0,1111.12,0,0,2222.24,0,0,2222.24,0,0,1111.12,0,0,555.56,0,0,1111.12,0,0,0,0,0,0,0,0,0,0,0,0
,2222.24,0,0,4444.44,0,0,2222.24,0,0,1111.12,0,0,1111.12,0,0,2222.24,0,0,1111.12,0,0,555.56,0,0,0,0,0,0,0,0,0,0,0,0,0,0
,0,2222.24,0,0,4444.44,0,0,2222.24,0,0,1111.12,0,0,1111.12,0,0,2222.24,0,0,1111.12,0,0,555.56,0,0,0,0,0,0,0,0,0,0,0,0,0
,0,0,2222.24,0,0,4444.44,0,0,2222.24,0,0,1111.12,0,0,1111.12,0,0,2222.24,0,0,1111.12,0,0,555.56,0,0,0,0,0,0,0,0,0,0,0,0
,1111.12,0,0,2222.24,0,0,4444.44,0,0,2222.24,0,0,555.56,0,0,1111.12,0,0,2222.24,0,0,1111.12,0,0,0,0,0,0,0,0,0,0,0,0,0,0
,0,1111.12,0,0,2222.24,0,0,4444.44,0,0,2222.24,0,0,555.56,0,0,1111.12,0,0,2222.24,0,0,1111.12,0,0,0,0,0,0,0,0,0,0,0,0,0
,0,0,1111.12,0,0,2222.24,0,0,4444.44,0,0,2222.24,0,0,555.56,0,0,1111.12,0,0,2222.24,0,0,1111.12,0,0,0,0,0,0,0,0,0,0,0,0
,2222.24,0,0,1111.12,0,0,2222.24,0,0,4444.44,0,0,1111.12,0,0,555.56,0,0,1111.12,0,0,2222.24,0,0,0,0,0,0,0,0,0,0,0,0,0,0
,0,2222.24,0,0,1111.12,0,0,2222.24,0,0,4444.44,0,0,1111.12,0,0,555.56,0,0,1111.12,0,0,2222.24,0,0,0,0,0,0,0,0,0,0,0,0,0
,0,0,2222.24,0,0,1111.12,0,0,2222.24,0,0,4444.44,0,0,1111.12,0,0,555.56,0,0,1111.12,0,0,2222.24,0,0,0,0,0,0,0,0,0,0,0,0
,2222.24,0,0,1111.12,0,0,555.56,0,0,1111.12,0,0,8888.88,0,0,4444.48,0,0,2222.24,0,0,4444.48,0,0,2222.24,0,0,1111.12,0,0,555.56,0,0,1111.12,0,0
,0,2222.24,0,0,1111.12,0,0,555.56,0,0,1111.12,0,0,8888.88,0,0,4444.48,0,0,2222.24,0,0,4444.48,0,0,2222.24,0,0,1111.12,0,0,555.56,0,0,1111.12,0
,0,0,2222.24,0,0,1111.12,0,0,555.56,0,0,1111.12,0,0,8888.88,0,0,4444.48,0,0,2222.24,0,0,4444.48,0,0,2222.24,0,0,1111.12,0,0,555.56,0,0,1111.12
,1111.12,0,0,2222.24,0,0,1111.12,0,0,555.56,0,0,4444.48,0,0,8888.88,0,0,4444.48,0,0,2222.24,0,0,1111.12,0,0,2222.24,0,0,1111.12,0,0,555.56,0,0
,0,1111.12,0,0,2222.24,0,0,1111.12,0,0,555.56,0,0,4444.48,0,0,8888.88,0,0,4444.48,0,0,2222.24,0,0,1111.12,0,0,2222.24,0,0,1111.12,0,0,555.56,0
,0,0,1111.12,0,0,2222.24,0,0,1111.12,0,0,555.56,0,0,4444.48,0,0,8888.88,0,0,4444.48,0,0,2222.24,0,0,1111.12,0,0,2222.24,0,0,1111.12,0,0,555.56
,555.56,0,0,1111.12,0,0,2222.24,0,0,1111.12,0,0,2222.24,0,0,4444.48,0,0,8888.88,0,0,4444.48,0,0,555.56,0,0,1111.12,0,0,2222.24,0,0,1111.12,0,0
,0,555.56,0,0,1111.12,0,0,2222.24,0,0,1111.12,0,0,2222.24,0,0,4444.48,0,0,8888.88,0,0,4444.48,0,0,555.56,0,0,1111.12,0,0,2222.24,0,0,1111.12,0
,0,0,555.56,0,0,1111.12,0,0,2222.24,0,0,1111.12,0,0,2222.24,0,0,4444.48,0,0,8888.88,0,0,4444.48,0,0,555.56,0,0,1111.12,0,0,2222.24,0,0,1111.12
,1111.12,0,0,555.56,0,0,1111.12,0,0,2222.24,0,0,4444.48,0,0,2222.24,0,0,4444.48,0,0,8888.88,0,0,1111.12,0,0,555.56,0,0,1111.12,0,0,2222.24,0,0
,0,1111.12,0,0,555.56,0,0,1111.12,0,0,2222.24,0,0,4444.48,0,0,2222.24,0,0,4444.48,0,0,8888.88,0,0,1111.12,0,0,555.56,0,0,1111.12,0,0,2222.24,0
,0,0,1111.12,0,0,555.56,0,0,1111.12,0,0,2222.24,0,0,4444.48,0,0,2222.24,0,0,4444.48,0,0,8888.88,0,0,1111.12,0,0,555.56,0,0,1111.12,0,0,2222.24
,0,0,0,0,0,0,0,0,0,0,0,0,2222.24,0,0,1111.12,0,0,555.56,0,0,1111.12,0,0,4444.44,0,0,2222.24,0,0,1111.12,0,0,2222.24,0,0
,0,0,0,0,0,0,0,0,0,0,0,0,0,2222.24,0,0,1111.12,0,0,555.56,0,0,1111.12,0,0,4444.44,0,0,2222.24,0,0,1111.12,0,0,2222.24,0
,0,0,0,0,0,0,0,0,0,0,0,0,0,0,2222.24,0,0,1111.12,0,0,555.56,0,0,1111.12,0,0,4444.44,0,0,2222.24,0,0,1111.12,0,0,2222.24
,0,0,0,0,0,0,0,0,0,0,0,0,1111.12,0,0,2222.24,0,0,1111.12,0,0,555.56,0,0,2222.24,0,0,4444.44,0,0,2222.24,0,0,1111.12,0,0
,0,0,0,0,0,0,0,0,0,0,0,0,0,1111.12,0,0,2222.24,0,0,1111.12,0,0,555.56,0,0,2222.24,0,0,4444.44,0,0,2222.24,0,0,1111.12,0
,0,0,0,0,0,0,0,0,0,0,0,0,0,0,1111.12,0,0,2222.24,0,0,1111.12,0,0,555.56,0,0,2222.24,0,0,4444.44,0,0,2222.24,0,0,1111.12
,0,0,0,0,0,0,0,0,0,0,0,0,555.56,0,0,1111.12,0,0,2222.24,0,0,1111.12,0,0,1111.12,0,0,2222.24,0,0,4444.44,0,0,2222.24,0,0
,0,0,0,0,0,0,0,0,0,0,0,0,0,555.56,0,0,1111.12,0,0,2222.24,0,0,1111.12,0,0,1111.12,0,0,2222.24,0,0,4444.44,0,0,2222.24,0
,0,0,0,0,0,0,0,0,0,0,0,0,0,0,555.56,0,0,1111.12,0,0,2222.24,0,0,1111.12,0,0,1111.12,0,0,2222.24,0,0,4444.44,0,0,2222.24
,0,0,0,0,0,0,0,0,0,0,0,0,1111.12,0,0,555.56,0,0,1111.12,0,0,2222.24,0,0,2222.24,0,0,1111.12,0,0,2222.24,0,0,4444.44,0,0
,0,0,0,0,0,0,0,0,0,0,0,0,0,1111.12,0,0,555.56,0,0,1111.12,0,0,2222.24,0,0,2222.24,0,0,1111.12,0,0,2222.24,0,0,4444.44,0
,0,0,0,0,0,0,0,0,0,0,0,0,0,0,1111.12,0,0,555.56,0,0,1111.12,0,0,2222.24,0,0,2222.24,0,0,1111.12,0,0,2222.24,0,0,4444.44
,,,,,,,,,,,,,,,,,,,,,,,,,,,,,,,,,,,,
,,,,,,,,,,,,,,,,,,,,,,,,,,,,,,,,,,,,
,18.6671618,0,0,-9.333774245,0,0,4.667041799,0,0,-9.333774245,0,0,-5.333646241,0,0,2.666929796,0,0,-1.333550239,0,0,2.666929796,0,0,2.666889794,0,0,-1.333518238,0,0,0.666817792,0,0,-1.333518238,0,0
,0,18.6671618,0,0,-9.333774245,0,0,4.667041799,0,0,-9.333774245,0,0,-5.333646241,0,0,2.666929796,0,0,-1.333550239,0,0,2.666929796,0,0,2.666889794,0,0,-1.333518238,0,0,0.666817792,0,0,-1.333518238,0
,0,0,18.6671618,0,0,-9.333774245,0,0,4.667041799,0,0,-9.333774245,0,0,-5.333646241,0,0,2.666929796,0,0,-1.333550239,0,0,2.666929796,0,0,2.666889794,0,0,-1.333518238,0,0,0.666817792,0,0,-1.333518238
,-9.333774245,0,0,18.6671618,0,0,-9.333774245,0,0,4.667041799,0,0,2.666929796,0,0,-5.333646241,0,0,2.666929796,0,0,-1.333550239,0,0,-1.333518238,0,0,2.666889794,0,0,-1.333518238,0,0,0.666817792,0,0
,0,-9.333774245,0,0,18.6671618,0,0,-9.333774245,0,0,4.667041799,0,0,2.666929796,0,0,-5.333646241,0,0,2.666929796,0,0,-1.333550239,0,0,-1.333518238,0,0,2.666889794,0,0,-1.333518238,0,0,0.666817792,0
,0,0,-9.333774245,0,0,18.6671618,0,0,-9.333774245,0,0,4.667041799,0,0,2.666929796,0,0,-5.333646241,0,0,2.666929796,0,0,-1.333550239,0,0,-1.333518238,0,0,2.666889794,0,0,-1.333518238,0,0,0.666817792
,4.667041799,0,0,-9.333774245,0,0,18.6671618,0,0,-9.333774245,0,0,-1.333550239,0,0,2.666929796,0,0,-5.333646241,0,0,2.666929796,0,0,0.666817792,0,0,-1.333518238,0,0,2.666889794,0,0,-1.333518238,0,0
,0,4.667041799,0,0,-9.333774245,0,0,18.6671618,0,0,-9.333774245,0,0,-1.333550239,0,0,2.666929796,0,0,-5.333646241,0,0,2.666929796,0,0,0.666817792,0,0,-1.333518238,0,0,2.666889794,0,0,-1.333518238,0
,0,0,4.667041799,0,0,-9.333774245,0,0,18.6671618,0,0,-9.333774245,0,0,-1.333550239,0,0,2.666929796,0,0,-5.333646241,0,0,2.666929796,0,0,0.666817792,0,0,-1.333518238,0,0,2.666889794,0,0,-1.333518238
,-9.333774245,0,0,4.667041799,0,0,-9.333774245,0,0,18.6671618,0,0,2.666929796,0,0,-1.333550239,0,0,2.666929796,0,0,-5.333646241,0,0,-1.333518238,0,0,0.666817792,0,0,-1.333518238,0,0,2.666889794,0,0
,0,-9.333774245,0,0,4.667041799,0,0,-9.333774245,0,0,18.6671618,0,0,2.666929796,0,0,-1.333550239,0,0,2.666929796,0,0,-5.333646241,0,0,-1.333518238,0,0,0.666817792,0,0,-1.333518238,0,0,2.666889794,0
,0,0,-9.333774245,0,0,4.667041799,0,0,-9.333774245,0,0,18.6671618,0,0,2.666929796,0,0,-1.333550239,0,0,2.666929796,0,0,-5.333646241,0,0,-1.333518238,0,0,0.666817792,0,0,-1.333518238,0,0,2.666889794
,-5.333646241,0,0,2.666929796,0,0,-1.333550239,0,0,2.666929796,0,0,10.6670258,0,0,-5.333646241,0,0,2.666929796,0,0,-5.333646241,0,0,-5.333646241,0,0,2.666929796,0,0,-1.333550239,0,0,2.666929796,0,0
,0,-5.333646241,0,0,2.666929796,0,0,-1.333550239,0,0,2.666929796,0,0,10.6670258,0,0,-5.333646241,0,0,2.666929796,0,0,-5.333646241,0,0,-5.333646241,0,0,2.666929796,0,0,-1.333550239,0,0,2.666929796,0
,0,0,-5.333646241,0,0,2.666929796,0,0,-1.333550239,0,0,2.666929796,0,0,10.6670258,0,0,-5.333646241,0,0,2.666929796,0,0,-5.333646241,0,0,-5.333646241,0,0,2.666929796,0,0,-1.333550239,0,0,2.666929796
,2.666929796,0,0,-5.333646241,0,0,2.666929796,0,0,-1.333550239,0,0,-5.333646241,0,0,10.6670258,0,0,-5.333646241,0,0,2.666929796,0,0,2.666929796,0,0,-5.333646241,0,0,2.666929796,0,0,-1.333550239,0,0
,0,2.666929796,0,0,-5.333646241,0,0,2.666929796,0,0,-1.333550239,0,0,-5.333646241,0,0,10.6670258,0,0,-5.333646241,0,0,2.666929796,0,0,2.666929796,0,0,-5.333646241,0,0,2.666929796,0,0,-1.333550239,0
,0,0,2.666929796,0,0,-5.333646241,0,0,2.666929796,0,0,-1.333550239,0,0,-5.333646241,0,0,10.6670258,0,0,-5.333646241,0,0,2.666929796,0,0,2.666929796,0,0,-5.333646241,0,0,2.666929796,0,0,-1.333550239
,-1.333550239,0,0,2.666929796,0,0,-5.333646241,0,0,2.666929796,0,0,2.666929796,0,0,-5.333646241,0,0,10.6670258,0,0,-5.333646241,0,0,-1.333550239,0,0,2.666929796,0,0,-5.333646241,0,0,2.666929796,0,0
,0,-1.333550239,0,0,2.666929796,0,0,-5.333646241,0,0,2.666929796,0,0,2.666929796,0,0,-5.333646241,0,0,10.6670258,0,0,-5.333646241,0,0,-1.333550239,0,0,2.666929796,0,0,-5.333646241,0,0,2.666929796,0
,0,0,-1.333550239,0,0,2.666929796,0,0,-5.333646241,0,0,2.666929796,0,0,2.666929796,0,0,-5.333646241,0,0,10.6670258,0,0,-5.333646241,0,0,-1.333550239,0,0,2.666929796,0,0,-5.333646241,0,0,2.666929796
,2.666929796,0,0,-1.333550239,0,0,2.666929796,0,0,-5.333646241,0,0,-5.333646241,0,0,2.666929796,0,0,-5.333646241,0,0,10.6670258,0,0,2.666929796,0,0,-1.333550239,0,0,2.666929796,0,0,-5.333646241,0,0
,0,2.666929796,0,0,-1.333550239,0,0,2.666929796,0,0,-5.333646241,0,0,-5.333646241,0,0,2.666929796,0,0,-5.333646241,0,0,10.6670258,0,0,2.666929796,0,0,-1.333550239,0,0,2.666929796,0,0,-5.333646241,0
,0,0,2.666929796,0,0,-1.333550239,0,0,2.666929796,0,0,-5.333646241,0,0,-5.333646241,0,0,2.666929796,0,0,-5.333646241,0,0,10.6670258,0,0,2.666929796,0,0,-1.333550239,0,0,2.666929796,0,0,-5.333646241
,2.666889794,0,0,-1.333518238,0,0,0.666817792,0,0,-1.333518238,0,0,-5.333646241,0,0,2.666929796,0,0,-1.333550239,0,0,2.666929796,0,0,18.6671618,0,0,-9.333774245,0,0,4.667041799,0,0,-9.333774245,0,0
,0,2.666889794,0,0,-1.333518238,0,0,0.666817792,0,0,-1.333518238,0,0,-5.333646241,0,0,2.666929796,0,0,-1.333550239,0,0,2.666929796,0,0,18.6671618,0,0,-9.333774245,0,0,4.667041799,0,0,-9.333774245,0
,0,0,2.666889794,0,0,-1.333518238,0,0,0.666817792,0,0,-1.333518238,0,0,-5.333646241,0,0,2.666929796,0,0,-1.333550239,0,0,2.666929796,0,0,18.6671618,0,0,-9.333774245,0,0,4.667041799,0,0,-9.333774245
,-1.333518238,0,0,2.666889794,0,0,-1.333518238,0,0,0.666817792,0,0,2.666929796,0,0,-5.333646241,0,0,2.666929796,0,0,-1.333550239,0,0,-9.333774245,0,0,18.6671618,0,0,-9.333774245,0,0,4.667041799,0,0
,0,-1.333518238,0,0,2.666889794,0,0,-1.333518238,0,0,0.666817792,0,0,2.666929796,0,0,-5.333646241,0,0,2.666929796,0,0,-1.333550239,0,0,-9.333774245,0,0,18.6671618,0,0,-9.333774245,0,0,4.667041799,0
,0,0,-1.333518238,0,0,2.666889794,0,0,-1.333518238,0,0,0.666817792,0,0,2.666929796,0,0,-5.333646241,0,0,2.666929796,0,0,-1.333550239,0,0,-9.333774245,0,0,18.6671618,0,0,-9.333774245,0,0,4.667041799
,0.666817792,0,0,-1.333518238,0,0,2.666889794,0,0,-1.333518238,0,0,-1.333550239,0,0,2.666929796,0,0,-5.333646241,0,0,2.666929796,0,0,4.667041799,0,0,-9.333774245,0,0,18.6671618,0,0,-9.333774245,0,0
,0,0.666817792,0,0,-1.333518238,0,0,2.666889794,0,0,-1.333518238,0,0,-1.333550239,0,0,2.666929796,0,0,-5.333646241,0,0,2.666929796,0,0,4.667041799,0,0,-9.333774245,0,0,18.6671618,0,0,-9.333774245,0
,0,0,0.666817792,0,0,-1.333518238,0,0,2.666889794,0,0,-1.333518238,0,0,-1.333550239,0,0,2.666929796,0,0,-5.333646241,0,0,2.666929796,0,0,4.667041799,0,0,-9.333774245,0,0,18.6671618,0,0,-9.333774245
,-1.333518238,0,0,0.666817792,0,0,-1.333518238,0,0,2.666889794,0,0,2.666929796,0,0,-1.333550239,0,0,2.666929796,0,0,-5.333646241,0,0,-9.333774245,0,0,4.667041799,0,0,-9.333774245,0,0,18.6671618,0,0
,0,-1.333518238,0,0,0.666817792,0,0,-1.333518238,0,0,2.666889794,0,0,2.666929796,0,0,-1.333550239,0,0,2.666929796,0,0,-5.333646241,0,0,-9.333774245,0,0,4.667041799,0,0,-9.333774245,0,0,18.6671618,0
,0,0,-1.333518238,0,0,0.666817792,0,0,-1.333518238,0,0,2.666889794,0,0,2.666929796,0,0,-1.333550239,0,0,2.666929796,0,0,-5.333646241,0,0,-9.333774245,0,0,4.667041799,0,0,-9.333774245,0,0,18.6671618
